Step,Shannon_Entropy,Kolmogorov_Complexity,Core_Allocation_Pct,Vaccine_Allocation_Pct,Uncertainty_Allocation_Pct,System_Status
Gen1_Step1,5.4012,1.0430,10.39,7.80,11.57,CROSS_TRAINING_ENGAGED
Gen1_Step2,5.4452,1.0430,10.32,7.82,11.51,CROSS_TRAINING_ENGAGED
Gen1_Step3,5.3194,1.0430,10.50,7.78,11.68,CROSS_TRAINING_ENGAGED
Gen1_Step4,5.2720,1.0430,10.57,7.77,11.74,CROSS_TRAINING_ENGAGED
Gen1_Step5,5.3911,1.0430,10.40,7.80,11.58,CROSS_TRAINING_ENGAGED
Gen1_Step6,5.1575,1.0430,10.73,7.74,11.90,CROSS_TRAINING_ENGAGED
Gen1_Step7,5.2817,1.0430,10.55,7.77,11.73,CROSS_TRAINING_ENGAGED
Gen1_Step8,5.5199,1.0430,10.22,7.84,11.41,CROSS_TRAINING_ENGAGED
Gen1_Step9,4.9534,1.0430,11.03,7.68,12.18,CROSS_TRAINING_ENGAGED
Gen1_Step10,0.3707,1.0430,0.00,100.00,0.00,MIMICRY_ATTACK_DETECTED
Gen1_Step11,1.1756,1.0430,0.00,100.00,0.00,MIMICRY_ATTACK_DETECTED
Gen1_Step12,5.4634,1.0430,10.30,7.82,11.49,CROSS_TRAINING_ENGAGED
Gen1_Step13,5.3803,1.0430,10.42,7.80,11.60,CROSS_TRAINING_ENGAGED
Gen1_Step14,5.1850,1.0430,10.69,7.74,11.86,CROSS_TRAINING_ENGAGED
Gen1_Step15,5.2887,1.0430,10.54,7.77,11.72,CROSS_TRAINING_ENGAGED
Gen1_Step16,5.0038,1.0430,10.95,7.69,12.11,CROSS_TRAINING_ENGAGED
Gen1_Step17,5.4108,1.0430,10.37,7.81,11.56,CROSS_TRAINING_ENGAGED
Gen1_Step18,6.0000,1.0430,9.57,79.64,10.79,CRITICAL_COLLAPSE
Gen1_Step18,6.0000,1.0430,9.57,79.64,10.79,REINCARNATION_RESET_EXECUTED
Gen2_Step19,6.0000,1.0430,9.57,79.64,10.79,CRITICAL_COLLAPSE
Gen2_Step19,6.0000,1.0430,9.57,79.64,10.79,REINCARNATION_RESET_EXECUTED
Gen3_Step20,6.0000,1.0430,9.57,79.64,10.79,CRITICAL_COLLAPSE
Gen3_Step20,6.0000,1.0430,9.57,79.64,10.79,REINCARNATION_RESET_EXECUTED
